{
    "airlineName": "American Airlines",
    "destinations": [
        {
            "country": "United States",
            "city": "Tatalina",
            "name": "Tatalina LRRS Airport"
        },
        {
            "country": "United States",
            "city": "Cape Romanzof",
            "name": "Cape Romanzof LRRS Airport"
        },
        {
            "country": "United States",
            "city": "Bedford",
            "name": "Laurence G Hanscom Field"
        },
        {
            "country": "United States",
            "city": "St. Paul Island",
            "name": "St Paul Island Airport"
        },
        {
            "country": "United States",
            "city": "Cape Newenham",
            "name": "Cape Newenham LRRS Airport"
        },
        {
            "country": "United States",
            "city": "Point Barrow",
            "name": "St George Airport"
        },
        {
            "country": "United States",
            "city": "Iliamna",
            "name": "Iliamna Airport"
        },
        {
            "country": "United States",
            "city": "Port Moller",
            "name": "Platinum Airport"
        },
        {
            "country": "United States",
            "city": "Big Mountain",
            "name": "Big Mountain Airport"
        },
        {
            "country": "United States",
            "city": "Oscoda",
            "name": "Oscoda Wurtsmith Airport"
        }
    ],
    "pagination": {
        "limit": 10,
        "offset": 11,
        "count": 10
    }
}