{
    "noOfItems": 6,
    "data": [
        {
            "flightCode": "BA009",
            "airlineName": "British Airways",
            "depAirport": "LHR",
            "desAirport": "YUL",
            "depDate": "2019-01-01 20:30:00",
            "aircraftType": "Airbus 708",
            "seatAvailability": 100,
            "price": 300.01
        },
        {
            "flightCode": "BA017",
            "airlineName": "British Airways",
            "depAirport": "LHR",
            "desAirport": "YUL",
            "depDate": "2019-01-01 20:30:00",
            "aircraftType": "Airbus A320",
            "seatAvailability": 500,
            "price": 300
        },
        {
            "flightCode": "BA018",
            "airlineName": "British Airways",
            "depAirport": "LHR",
            "desAirport": "YUL",
            "depDate": "2019-01-01 20:30:00",
            "aircraftType": "Airbus A320",
            "seatAvailability": 500,
            "price": 300
        },
        {
            "flightCode": "BA020",
            "airlineName": "British Airways",
            "depAirport": "LHR",
            "desAirport": "YUL",
            "depDate": "2019-01-01 20:30:00",
            "aircraftType": "Airbus A320",
            "seatAvailability": 500,
            "price": 300
        },
        {
            "flightCode": "BA021",
            "airlineName": "British Airways",
            "depAirport": "LHR",
            "desAirport": "YUL",
            "depDate": "2019-01-01 20:30:00",
            "aircraftType": "Airbus A320",
            "seatAvailability": 500,
            "price": 300
        },
        {
            "flightCode": "BA0212",
            "airlineName": "British Airways",
            "depAirport": "LHR",
            "desAirport": "YUL",
            "depDate": "2019-01-01 20:30:00",
            "aircraftType": "Airbus A320",
            "seatAvailability": 500,
            "price": 300
        }
    ]
}