{
 "$schema": "http://json-schema.org/draft-04/schema#",
 "type": "object",
 "properties": {
  "airlineName": {
   "type": "string"
  },
  "destinations": {
   "type": "array",
   "items": [
    {
     "type": "object",
     "properties": {
      "country": {
       "type": "string"
      },
      "city": {
       "type": "string"
      },
      "name": {
       "type": "string"
      }
     },
     "required": [
      "country",
      "city",
      "name"
     ]
    }
   ]
  },
  "pagination": {
   "type": "object",
   "properties": {
    "limit": {
     "type": "integer"
    },
    "offset": {
     "type": "integer"
    },
    "count": {
     "type": "integer"
    }
   },
   "required": [
    "limit",
    "offset",
    "count"
   ]
  }
 },
 "required": [
  "airlineName",
  "destinations",
  "pagination"
 ]
}