{
 "$schema": "http://json-schema.org/draft-04/schema#",
 "type": "object",
 "properties": {
  "flightCode": {
   "type": "string"
  },
  "name": {
   "type": "string"
  },
  "sourceAirport": {
   "type": "string"
  },
  "destAirport": {
   "type": "string"
  },
  "depDate": {
   "type": "string"
  },
  "aircraftType": {
   "type": "string"
  },
  "seatAvailability": {
   "type": "integer"
  },
  "price": {
   "type": "integer"
  }
 },
 "required": [
  "flightCode",
  "name",
  "sourceAirport",
  "destAirport",
  "depDate",
  "aircraftType",
  "seatAvailability",
  "price"
 ]
}