{
 "$schema": "http://json-schema.org/draft-04/schema#",
 "type": "object",
 "properties": {
  "message": {
   "type": "string"
  },
  "data": {
   "type": "object",
   "properties": {
    "flightCode": {
     "type": "string"
    },
    "airlineName": {
     "type": "string"
    },
    "departureAirport": {
     "type": "string"
    },
    "destinationAirport": {
     "type": "string"
    },
    "depDate": {
     "type": "string"
    },
    "aircraftType": {
     "type": "string"
    },
    "seatAvailability": {
     "type": "integer"
    },
    "price": {
     "type": "integer"
    }
   },
   "required": [
    "flightCode",
    "airlineName",
    "departureAirport",
    "destinationAirport",
    "depDate",
    "aircraftType",
    "seatAvailability",
    "price"
   ]
  }
 },
 "required": [
  "message",
  "data"
 ]
}