{
 "$schema": "http://json-schema.org/draft-04/schema#",
 "type": "object",
 "properties": {
  "routes": {
   "type": "array",
   "items": [
    {
     "type": "object",
     "properties": {
      "airlineId": {
       "type": "integer"
      },
      "destAirportId": {
       "type": "integer"
      },
      "sourceAirport": {
       "type": "string"
      },
      "sourceAirportId": {
       "type": "integer"
      },
      "destAirport": {
       "type": "string"
      },
      "name": {
       "type": "string"
      }
     },
     "required": [
      "airlineId",
      "destAirportId",
      "sourceAirport",
      "sourceAirportId",
      "destAirport",
      "name"
     ]
    }
   ]
  }
 },
 "required": [
  "routes"
 ]
}