{
  "$schema": "http://json-schema.org/draft-04/schema#",
  "type": "object",
  "properties": {
    "noOfItems": {
      "type": "integer"
    },
    "data": {
      "type": "array",
      "items": [
        {
          "type": "object",
          "properties": {
            "flightCode": {
              "type": "string"
            },
            "airlineName": {
              "type": "string"
            },
            "depAirport": {
              "type": "string"
            },
            "desAirport": {
              "type": "string"
            },
            "depDate": {
              "type": "string"
            },
            "aircraftType": {
              "type": "string"
            },
            "seatAvailability": {
              "type": "integer"
            },
            "price": {
              "type": "number"
            }
          },
          "required": [
            "flightCode",
            "airlineName",
            "depAirport",
            "desAirport",
            "depDate",
            "aircraftType",
            "seatAvailability",
            "price"
          ]
        }
      ]
    }
  },
  "required": [
    "noOfItems",
    "data"
  ]
}