<?xml version="1.0" encoding="UTF-8"?>

<mule xmlns:apikit="http://www.mulesoft.org/schema/mule/apikit"
	xmlns:dw="http://www.mulesoft.org/schema/mule/ee/dw"
	xmlns="http://www.mulesoft.org/schema/mule/core" xmlns:doc="http://www.mulesoft.org/schema/mule/documentation"
	xmlns:spring="http://www.springframework.org/schema/beans" 
	xmlns:xsi="http://www.w3.org/2001/XMLSchema-instance"
	xsi:schemaLocation="http://www.mulesoft.org/schema/mule/apikit http://www.mulesoft.org/schema/mule/apikit/current/mule-apikit.xsd
http://www.mulesoft.org/schema/mule/ee/dw http://www.mulesoft.org/schema/mule/ee/dw/current/dw.xsd
http://www.springframework.org/schema/beans http://www.springframework.org/schema/beans/spring-beans-current.xsd
http://www.mulesoft.org/schema/mule/core http://www.mulesoft.org/schema/mule/core/current/mule.xsd">

<apikit:mapping-exception-strategy name="acmetravel-apiKitGlobalExceptionMapping">
        <apikit:mapping statusCode="404">
            <apikit:exception value="org.mule.module.apikit.exception.NotFoundException" />
            <set-property propertyName="Content-Type" value="application/json" doc:name="Property" />
            <set-payload value="{ &quot;message&quot;: &quot;Resource not found&quot; }" doc:name="Set Payload" />
        </apikit:mapping>
        <apikit:mapping statusCode="405">
            <apikit:exception value="org.mule.module.apikit.exception.MethodNotAllowedException" />
            <set-property propertyName="Content-Type" value="application/json" doc:name="Property" />
            <set-payload value="{ &quot;message&quot;: &quot;Method not allowed&quot; }" doc:name="Set Payload" />
        </apikit:mapping>
        <apikit:mapping statusCode="415">
            <apikit:exception value="org.mule.module.apikit.exception.UnsupportedMediaTypeException" />
            <set-property propertyName="Content-Type" value="application/json" doc:name="Property" />
            <set-payload value="{ &quot;message&quot;: &quot;Unsupported media type&quot; }" doc:name="Set Payload" />
        </apikit:mapping>
        <apikit:mapping statusCode="406">
            <apikit:exception value="org.mule.module.apikit.exception.NotAcceptableException" />
            <set-property propertyName="Content-Type" value="application/json" doc:name="Property" />
            <set-payload value="{ &quot;message&quot;: &quot;Not acceptable&quot; }" doc:name="Set Payload" />
        </apikit:mapping>
        <apikit:mapping statusCode="400">
            <apikit:exception value="org.mule.module.apikit.exception.BadRequestException" />
            <set-property propertyName="Content-Type" value="application/json" doc:name="Property" />
            <set-payload value="{ &quot;message&quot;: &quot;Bad request&quot; }" doc:name="Set Payload" />
        </apikit:mapping>
    </apikit:mapping-exception-strategy>
    
    
<choice-exception-strategy name="acmetravel-api-exception">
		<catch-exception-strategy when="#[exception.causeMatches('com.mulesoft.weave.*')]" doc:name="Handle DataWeave Errors">
			 <set-payload value="#[exception.cause or exception.message or exception]" doc:name="Set Payload" />
	         <logger level="ERROR" message="DataWeave Exception :   #[exception.cause or exception.message or exception] --&gt;&gt;&gt;&gt;  #[payload]" doc:name="Logger" />
	         <set-property propertyName="http.status" value="#['550']" doc:name="Set Http Status" />
	         <set-property propertyName="Content-Type" value="application/json" doc:name="Set Content-Type"/>
           	 <flow-ref name="exception_payload" doc:name="Set Payload"/>
		</catch-exception-strategy>
		<catch-exception-strategy when="#[exception.causeMatches('java.sql.SQLTimeOutException.concurrent.TimeoutException*')]" doc:name="Handle Timeout Errors">
		     <set-payload value="#[exception.cause or exception.message or exception]" doc:name="Set Payload" />
	         <logger level="ERROR" message="Timeout Exception :  #[exception.cause or exception.message or exception] --&gt;&gt;&gt;&gt; #[payload]" doc:name="Logger" />
    	     <set-property propertyName="http.status" value="#['551']" doc:name="Set Http Status" />
    	     <set-property propertyName="Content-Type" value="application/json" doc:name="Set Content-Type"/>
            <flow-ref name="exception_payload" doc:name="Flow Reference"/>

		</catch-exception-strategy>
		<catch-exception-strategy doc:name="Generic Error Handling">
			<set-payload value="#[org.mule.util.ExceptionUtils.getRootCauseMessage(exception)]" doc:name="Set Payload" />
         	<logger level="ERROR" message="(General Exception : #[exception.cause or exception.message or exception]  --&gt;&gt;&gt; #[payload]" doc:name="Logger" />
         	<set-property propertyName="http.status" value="#['500']" doc:name="Set Http Status" />
         	<set-property propertyName="Content-Type" value="application/json" doc:name="Set Content-Type"/>
            <flow-ref name="exception_payload" doc:name="Flow Reference"/>

		</catch-exception-strategy>
	</choice-exception-strategy>
	
	<sub-flow name="exception_payload">
		 <dw:transform-message doc:name="Transform Message">
                <dw:set-payload><![CDATA[%dw 1.0
%output application/json
---
{
	message : payload
}]]></dw:set-payload>
            </dw:transform-message>
	</sub-flow>


</mule>
