<?xml version="1.0" encoding="UTF-8"?>
<mule xmlns="http://www.mulesoft.org/schema/mule/core" xmlns:apikit="http://www.mulesoft.org/schema/mule/apikit" xmlns:db="http://www.mulesoft.org/schema/mule/db" xmlns:doc="http://www.mulesoft.org/schema/mule/documentation" xmlns:dw="http://www.mulesoft.org/schema/mule/ee/dw" xmlns:ee="http://www.mulesoft.org/schema/mule/ee/core" xmlns:http="http://www.mulesoft.org/schema/mule/http" xmlns:json="http://www.mulesoft.org/schema/mule/json" xmlns:metadata="http://www.mulesoft.org/schema/mule/metadata" xmlns:spring="http://www.springframework.org/schema/beans" xmlns:tracking="http://www.mulesoft.org/schema/mule/ee/tracking" xmlns:validation="http://www.mulesoft.org/schema/mule/validation" xmlns:xsi="http://www.w3.org/2001/XMLSchema-instance" xsi:schemaLocation="http://www.mulesoft.org/schema/mule/json http://www.mulesoft.org/schema/mule/json/current/mule-json.xsd
http://www.mulesoft.org/schema/mule/core http://www.mulesoft.org/schema/mule/core/current/mule.xsd
http://www.mulesoft.org/schema/mule/http http://www.mulesoft.org/schema/mule/http/current/mule-http.xsd
http://www.mulesoft.org/schema/mule/apikit http://www.mulesoft.org/schema/mule/apikit/current/mule-apikit.xsd
http://www.springframework.org/schema/beans http://www.springframework.org/schema/beans/spring-beans-3.1.xsd
http://www.mulesoft.org/schema/mule/db http://www.mulesoft.org/schema/mule/db/current/mule-db.xsd
http://www.mulesoft.org/schema/mule/ee/dw http://www.mulesoft.org/schema/mule/ee/dw/current/dw.xsd
http://www.mulesoft.org/schema/mule/ee/core http://www.mulesoft.org/schema/mule/ee/core/current/mule-ee.xsd
http://www.mulesoft.org/schema/mule/ee/tracking http://www.mulesoft.org/schema/mule/ee/tracking/current/mule-tracking-ee.xsd
http://www.mulesoft.org/schema/mule/validation http://www.mulesoft.org/schema/mule/validation/current/mule-validation.xsd">
    <flow name="acmetravel-main">
        <http:listener config-ref="acmetravel-httpListenerConfig" path="/api/*" doc:name="HTTP" />
        <http:basic-security-filter realm="acmetravel_security" doc:name="Basic Auth" />
        <apikit:router config-ref="acmetravel-config" doc:name="APIkit Router" />
        <exception-strategy ref="acmetravel-apiKitGlobalExceptionMapping" doc:name="Reference Exception Strategy" />
    </flow>
    <flow name="acmetravel-console">
        <http:listener config-ref="acmetravel-httpListenerConfig" path="/console/*" doc:name="HTTP" />
        <apikit:console config-ref="acmetravel-config" doc:name="APIkit Console" />
    </flow>
    <flow name="get:/acme/trips:acmetravel-config">
        <set-variable variableName="depDate" value="#[message.inboundProperties.'http.query.params'.depDate]" doc:name="depDate" mimeType="application/java" />
        <ee:cache doc:name="trips cache" cachingStrategy-ref="CacheStrategy_depDate">
            <db:select config-ref="acmetravel_mysql" doc:name="get flight details">
                <db:parameterized-query><![CDATA[select 
            		Flight_Code as flightCode, 
            		Airline_Name as airlineName,
            		Departure_Airport as depAirport,
            		Destination_Airport as desAirport,
            		CAST(Departure_Date AS char) as depDate,
            		Aircraft_Type as aircraftType,
            		Seat_Availability as seatAvailability,
            		Price as price
            	from 
            		airlines_sandbox.flights_syednadeemah 
            	where 
            		date(Departure_Date) = #[flowVars.depDate]]]></db:parameterized-query>
            </db:select>
            <dw:transform-message doc:name="flightDetails" metadata:id="46ad4abe-2cfa-4ceb-a2aa-4e4ec0ebb4a3">
                <dw:set-payload><![CDATA[%dw 1.0
%output application/json
%var noOfItems = sizeOf payload
---
{
	"noOfItems": noOfItems,
	"data": payload map {
		"flightCode": $.flightCode,
		"airlineName": $.airlineName,
		"depAirport": $.depAirport,
		"desAirport": $.desAirport,
		"depDate": $.depDate,
		"aircraftType": $.aircraftType,
		"seatAvailability": $.seatAvailability,
		"price": $.price
	}
}]]></dw:set-payload>
            </dw:transform-message>
        </ee:cache>
        <logger message="#[payload]" level="INFO" doc:name="flightDetails logger" />
    </flow>
    <flow name="get:/acme/airport:acmetravel-config">
        <set-variable variableName="airlineName" value="#[message.inboundProperties.'http.query.params'.airlineName]" doc:name="airlineName" />
        <set-variable variableName="limit" value="#[Integer.parseInt(${acmetravel.pagelimit})]" doc:name="limit" />
        <set-variable variableName="offset" value="#[Integer.parseInt(message.inboundProperties.'http.query.params'.offset)]" doc:name="offset" />
        <db:select config-ref="acmetravel_mysql" doc:name="get destinations">
            <db:parameterized-query><![CDATA[select 
airports.country, 
airports.city, airports.name 
from 
airlines_sandbox.airports airports, 
airlines_sandbox.airlines airlines
where 
airports.country = airlines.country
and
airlines.name = #[flowVars.airlineName]
and
airlines.Active = 'Y'
LIMIT #[flowVars.limit]
OFFSET #[flowVars.offset]]]></db:parameterized-query>
        </db:select>
        <json:object-to-json-transformer doc:name="obj to Json" />
        <custom-transformer mimeType="application/json" class="com.acmetravel.DestinationTransformer" doc:name="transform" />
    </flow>
    <flow name="patch:/acme/flight/{flightCode}/{flightDepDate}:acmetravel-config">
        <json:validate-schema schemaLocation="resource:/schemas/ticketPurchaseRequest.json" doc:name="Validate JSON Schema" />
        <set-variable variableName="flightDepDate" value="#[message.inboundProperties.'http.uri.params'.flightDepDate]" doc:name="flightDepDate" />
        <set-variable variableName="flightCode" value="#[message.inboundProperties.'http.uri.params'.flightCode]" doc:name="flightCode" />
        <set-variable variableName="noOfTickets" value="#[json:noOfTickets]" doc:name="noOfTickets" />
        <db:select config-ref="acmetravel_mysql" doc:name="get available seats">
            <db:parameterized-query><![CDATA[SELECT  flights.seat_availability as seatAvailability from airlines_sandbox.flights_syednadeemah flights WHERE flights.flight_code = #[flowVars.flightCode] AND flights.departure_date = #[flowVars.flightDepDate]]]></db:parameterized-query>
        </db:select>
        <set-variable variableName="noOfAvailableSeats" value="#[payload[0].seatAvailability]" doc:name="noOfAvailSeats" />
        <choice doc:name="check if tickets can be purchased">
            <when expression="#[flowVars.noOfAvailableSeats &gt;= flowVars.noOfTickets]">
                <set-variable variableName="noOfSeatsLeft" value=" #[flowVars.noOfAvailableSeats-flowVars.noOfTickets]" doc:name="noOfSeatsLeft" />
                <db:update config-ref="acmetravel_mysql" doc:name="book tickets">
                    <db:parameterized-query><![CDATA[UPDATE airlines_sandbox.flights_syednadeemah flights SET flights.seat_availability = #[flowVars.noOfSeatsLeft] WHERE flights.flight_code = #[flowVars.flightCode] AND flights.departure_date = #[flowVars.flightDepDate]]]></db:parameterized-query>
                </db:update>
                <choice doc:name="successful ?">
                    <when expression="#[payload &gt; 0]">
                        <set-variable variableName="bookRefNumber" value="#[new java.util.Random().nextInt(10000)]" doc:name="bookRefNumber" />
                        <dw:transform-message doc:name="successully purchased">
                            <dw:set-payload><![CDATA[%dw 1.0
%output application/json
---
{
	"message": "successfully to purchased tickets !!!",
	"bookRef": flowVars.bookRefNumber
}]]></dw:set-payload>
                        </dw:transform-message>
                    </when>
                    <otherwise>
                        <dw:transform-message doc:name="sold out message">
                            <dw:set-payload><![CDATA[%dw 1.0
%output application/json
---
{
	"message": "unable to purchase tickets - sold out !!!"
}]]></dw:set-payload>
                        </dw:transform-message>
                    </otherwise>
                </choice>
            </when>
            <otherwise>
                <dw:transform-message doc:name="enough seats not available">
                    <dw:set-payload><![CDATA[%dw 1.0
%output application/json
---
{
	"message": "cannot book more seats than available!!!"
}]]></dw:set-payload>
                </dw:transform-message>
            </otherwise>
        </choice>
        <logger message="#[payload]" level="INFO" doc:name="end of ticket purchase" />
    </flow>
    <flow name="put:/acme/flight/{flightCode}/{flightDepDate}:acmetravel-config">
        <set-variable variableName="flightCode" value="#[message.inboundProperties.'http.uri.params'.flightCode]" doc:name="flightCode" />
        <set-variable variableName="flightDepDate" value="#[message.inboundProperties.'http.uri.params'.flightDepDate]" doc:name="flightDepDate" />
        <set-variable variableName="price" value="#[json:price]" doc:name="priceToBeUpdated" />
        <logger message="UPDATE airlines_sandbox.flights_syednadeemah flights SET flights.price = #[flowVars.price] WHERE flights.flight_code = #[flowVars.flightCode] AND flights.departure_date = #[flowVars.flightDepDate]" level="INFO" doc:name="Logger"/>
        <db:update config-ref="acmetravel_mysql" doc:name="update flight">
            <db:parameterized-query><![CDATA[UPDATE airlines_sandbox.flights_syednadeemah flights SET flights.price = #[flowVars.price] WHERE flights.flight_code = #[flowVars.flightCode] AND flights.departure_date = #[flowVars.flightDepDate]]]></db:parameterized-query>
        </db:update>
        <choice doc:name="successful ?">
            <when expression="#[payload &gt; 0]">
                <dw:transform-message doc:name="price updated">
                    <dw:set-payload><![CDATA[%dw 1.0
%output application/json
---
{
	"message": "successfully updated flight details!!!",
	"newPrice": flowVars.price
}]]></dw:set-payload>
                </dw:transform-message>
            </when>
            <otherwise>
                <dw:transform-message doc:name="unable to update price">
                    <dw:set-payload><![CDATA[%dw 1.0
%output application/json
---
{
	"message": "unable to update flight details!!!",
	"newPrice": flowVars.price
}]]></dw:set-payload>
                </dw:transform-message>
            </otherwise>
        </choice>
        <logger message="#[payload]" level="INFO" doc:name="end of price update" />
    </flow>
    <flow name="get:/acme/route:acmetravel-config">
        <set-variable variableName="airlineName" value="#[message.inboundProperties.'http.query.params'.airlineName]" doc:name="airlineName" />
        <ee:cache doc:name="route cache" cachingStrategy-ref="CacheStrategy_airlineName">
            <db:select config-ref="acmetravel_mysql" doc:name="get route info">
                <db:parameterized-query><![CDATA[select routes.Source_Airport as sourceAirport, routes.Source_Airport_ID as sourceAirportId, 
routes.Destination_Airport as destAirport, 
routes.Destination_Airport_ID destAirportId,
routes.airline_ID as airlineId,
airlines.name
from airlines_sandbox.routes routes,
airlines_sandbox.airlines airlines
where routes.Airline_ID = airlines.Airline_ID
and airlines.name = #[flowVars.airlineName]
and airlines.Active = 'Y';]]></db:parameterized-query>
            </db:select>
            <dw:transform-message doc:name="routes">
                <dw:set-payload><![CDATA[%dw 1.0
%output application/java
---
"routes": payload]]></dw:set-payload>
            </dw:transform-message>
        </ee:cache>
        <logger message="#[payload]" level="INFO" doc:name="route details" />
    </flow>
    <flow name="post:/acme/flight:acmetravel-config">
        <dw:transform-message doc:name="new flight">
            <dw:set-payload><![CDATA[%dw 1.0
%output application/java
---
	{
		"flightCode":payload.flightCode,
		"airlineName":payload.name,
		"departureAirport":payload.sourceAirport,
		"destinationAirport":payload.destAirport,
		"depDate":payload.depDate,
		"aircraftType":payload.aircraftType,
		"seatAvailability":payload.seatAvailability,
		"price":payload.price
	}]]></dw:set-payload>
            <dw:set-variable variableName="payloadVar"><![CDATA[%dw 1.0
%output application/java
---
	{
		"flightCode":payload.flightCode,
		"airlineName":payload.name,
		"departureAirport":payload.sourceAirport,
		"destinationAirport":payload.destAirport,
		"depDate":payload.depDate,
		"aircraftType":payload.aircraftType,
		"seatAvailability":payload.seatAvailability,
		"price":payload.price
	}]]></dw:set-variable>
        </dw:transform-message>
        <db:insert config-ref="acmetravel_mysql" doc:name="insert flight data">
            <db:parameterized-query><![CDATA[INSERT INTO airlines_sandbox.flights_syednadeemah
(Flight_Code,
Airline_Name,
Departure_Airport,
Destination_Airport,
Departure_Date,
Aircraft_Type,
Seat_Availability,
Price)
VALUES
(#[payload.flightCode],
#[payload.airlineName],
#[payload.departureAirport],
#[payload.destinationAirport],
#[payload.depDate],
#[payload.aircraftType],
#[payload.seatAvailability],
#[payload.price]);]]></db:parameterized-query>
        </db:insert>
        <choice doc:name="insert successful ?">
            <when expression="#[payload &gt; 0]">
                <dw:transform-message doc:name="success payload">
                    <dw:set-payload><![CDATA[%dw 1.0
%output application/json
---
{
	"message": "new flight available !!!",
	"data": flowVars.payloadVar
}]]></dw:set-payload>
                </dw:transform-message>
            </when>
            <otherwise>
                <dw:transform-message doc:name="Transform Message">
                    <dw:set-payload><![CDATA[%dw 1.0
%output application/json
---
{
	"error message": "unable to insert new flight",
	"data": flowVars.payloadVar
}]]></dw:set-payload>
                </dw:transform-message>
            </otherwise>
        </choice>
        <logger message="#[payload]" level="INFO" doc:name="end of new flight flow" />
    </flow>

    <flow name="get:/acme/aircraft:acmetravel-config">
        <set-payload value="#[NullPayload.getInstance()]" doc:name="Set Payload"/>
    </flow>

</mule>
