<?xml version="1.0" encoding="UTF-8"?>
<mule xmlns:context="http://www.springframework.org/schema/context" xmlns:mule-ss="http://www.mulesoft.org/schema/mule/spring-security"
	xmlns="http://www.mulesoft.org/schema/mule/core" xmlns:ss="http://www.springframework.org/schema/security" xmlns:apikit="http://www.mulesoft.org/schema/mule/apikit" xmlns:db="http://www.mulesoft.org/schema/mule/db" xmlns:doc="http://www.mulesoft.org/schema/mule/documentation" xmlns:dw="http://www.mulesoft.org/schema/mule/ee/dw" xmlns:ee="http://www.mulesoft.org/schema/mule/ee/core" xmlns:http="http://www.mulesoft.org/schema/mule/http" xmlns:json="http://www.mulesoft.org/schema/mule/json" xmlns:metadata="http://www.mulesoft.org/schema/mule/metadata" xmlns:spring="http://www.springframework.org/schema/beans" xmlns:tracking="http://www.mulesoft.org/schema/mule/ee/tracking" xmlns:validation="http://www.mulesoft.org/schema/mule/validation" xmlns:xsi="http://www.w3.org/2001/XMLSchema-instance" xsi:schemaLocation="http://www.mulesoft.org/schema/mule/spring-security http://www.mulesoft.org/schema/mule/spring-security/current/mule-spring-security.xsd
http://www.mulesoft.org/schema/mule/json http://www.mulesoft.org/schema/mule/json/current/mule-json.xsd
http://www.mulesoft.org/schema/mule/core http://www.mulesoft.org/schema/mule/core/current/mule.xsd
http://www.mulesoft.org/schema/mule/http http://www.mulesoft.org/schema/mule/http/current/mule-http.xsd
http://www.mulesoft.org/schema/mule/apikit http://www.mulesoft.org/schema/mule/apikit/current/mule-apikit.xsd
http://www.springframework.org/schema/beans http://www.springframework.org/schema/beans/spring-beans-3.1.xsd
http://www.mulesoft.org/schema/mule/db http://www.mulesoft.org/schema/mule/db/current/mule-db.xsd
http://www.mulesoft.org/schema/mule/ee/dw http://www.mulesoft.org/schema/mule/ee/dw/current/dw.xsd
http://www.mulesoft.org/schema/mule/ee/core http://www.mulesoft.org/schema/mule/ee/core/current/mule-ee.xsd
http://www.mulesoft.org/schema/mule/ee/tracking http://www.mulesoft.org/schema/mule/ee/tracking/current/mule-tracking-ee.xsd
http://www.mulesoft.org/schema/mule/validation http://www.mulesoft.org/schema/mule/validation/current/mule-validation.xsd
http://www.springframework.org/schema/security http://www.springframework.org/schema/security/spring-security-3.1.xsd
http://www.springframework.org/schema/context http://www.springframework.org/schema/context/spring-context-current.xsd">


	<http:listener-config name="acmetravel-httpListenerConfig" host="${acmetravel.host}" port="${acmetravel.port}" doc:name="HTTP Listener Configuration" />
    
    <apikit:config name="acmetravel-config" raml="acmetravel.raml" consoleEnabled="false" doc:name="Router" keepRamlBaseUri="false" />
    
    <db:mysql-config name="acmetravel_mysql" host="${acmetravel.mysql.host}" port="${acmetravel.mysql.port}" user="${acmetravel.mysql.username}" password="${acmetravel.mysql.password}" database="${acmetravel.mysql.databasename}" doc:name="MySQL Configuration" />
    
    <ee:object-store-caching-strategy name="CacheStrategy_depDate" doc:name="Caching Strategy" keyGenerationExpression="#[flowVars.depDate]">
        <in-memory-store name="inMemooryStore_depDate" maxEntries="200" entryTTL="20000" expirationInterval="20000" />
    </ee:object-store-caching-strategy>
    
    <ee:object-store-caching-strategy name="CacheStrategy_airlineName" doc:name="Caching Strategy" keyGenerationExpression="#[flowVars.airlineName]">
        <in-memory-store name="inMemooryStore_airlineName" maxEntries="200" entryTTL="20000" expirationInterval="20000" />
    </ee:object-store-caching-strategy>
    
    <mule-ss:security-manager name="Spring_Security_Provider"
		doc:name="Spring Security Provider">
		<mule-ss:delegate-security-provider
			name="acmetravel_security" delegate-ref="authenticationManager" />
	</mule-ss:security-manager>
	
	<spring:beans>
		<ss:authentication-manager alias="authenticationManager">
			<ss:authentication-provider>
				<ss:user-service id="userService">
					<ss:user name="${acmetravel.http.basicAuth.username}" password="${acmetravel.http.basicAuth.password}"
						authorities="ROLE_ADMIN" />
				</ss:user-service>
			</ss:authentication-provider>
		</ss:authentication-manager>
	</spring:beans>
    <context:property-placeholder location="properties/${env}.properties"/>
    

</mule>
