{
	"id": "b3d736fe-f9f4-494b-ad5d-2747fae6bd49",
	"name": "acmeTravelDemo",
	"description": "",
	"auth": null,
	"events": null,
	"variables": [],
	"order": [
		"a9870823-82b8-45b8-af33-3e66799f66e8",
		"f00a906b-c5c3-4173-8d88-6153ec457eac",
		"4bb4b058-20d3-4e70-a006-5267f3e27c27",
		"72582566-7993-4040-ba2c-8f7a3448dbaa",
		"cb15a2df-7457-4e31-97bd-0d783dd79350",
		"52804fe0-2036-4738-b431-f4bfc14794ac"
	],
	"folders_order": [],
	"folders": [],
	"requests": [
		{
			"id": "4bb4b058-20d3-4e70-a006-5267f3e27c27",
			"name": "new flight",
			"url": " http://localhost:8081/api/acme/flight",
			"description": "",
			"data": [],
			"dataMode": "raw",
			"headerData": [
				{
					"key": "Content-Type",
					"value": "application/json"
				},
				{
					"key": "access_token",
					"value": "12321312",
					"description": "",
					"enabled": true
				}
			],
			"method": "POST",
			"pathVariableData": [],
			"queryParams": [],
			"auth": {
				"type": "basic",
				"basic": [
					{
						"key": "password",
						"value": "acmetravelPassword",
						"type": "string"
					},
					{
						"key": "username",
						"value": "acmetravelUser",
						"type": "string"
					}
				]
			},
			"events": [],
			"folder": null,
			"rawModeData": "{\n\t\"flightCode\":\"BA0218\",\n\t\"name\":\"British Airways\",\n\t\"sourceAirport\":\"LHR\",\n\t\"destAirport\":\"YUL\",\n\t\"depDate\":\"2019-01-01 20:30:00\",\n\t\"aircraftType\":\"Airbus A320\",\n\t\"seatAvailability\":500,\n\t\"price\":300\n}",
			"headers": "Content-Type: application/json\naccess_token: 12321312\n",
			"pathVariables": {}
		},
		{
			"id": "52804fe0-2036-4738-b431-f4bfc14794ac",
			"name": "updatePrice",
			"url": " http://localhost:8081/api/acme/flight/BA001/2017-03-15 20:30:00",
			"description": "",
			"data": [],
			"dataMode": "raw",
			"headerData": [
				{
					"key": "Content-Type",
					"value": "application/json"
				},
				{
					"key": "access_token",
					"value": "12312312312",
					"description": "",
					"enabled": true
				}
			],
			"method": "PUT",
			"pathVariableData": [],
			"queryParams": [],
			"auth": {
				"type": "basic",
				"basic": [
					{
						"key": "password",
						"value": "acmetravelPassword"
					},
					{
						"key": "username",
						"value": "acmetravelUser"
					}
				]
			},
			"events": [],
			"folder": null,
			"rawModeData": "{\n\t\"price\":131.00\n}",
			"headers": "Content-Type: application/json\naccess_token: 12312312312\n",
			"pathVariables": {}
		},
		{
			"id": "72582566-7993-4040-ba2c-8f7a3448dbaa",
			"name": "ticketPurchase",
			"url": " http://localhost:8081/api/acme/flight/BA001/2017-03-15 20:30:00",
			"description": "",
			"data": [],
			"dataMode": "raw",
			"headerData": [
				{
					"key": "Content-Type",
					"value": "application/json"
				}
			],
			"method": "PATCH",
			"pathVariableData": [],
			"queryParams": [],
			"auth": {
				"basic": [
					{
						"key": "username",
						"value": "acmetravelUser"
					},
					{
						"key": "password",
						"value": "acmetravelPassword"
					}
				],
				"type": "basic"
			},
			"events": [],
			"folder": null,
			"rawModeData": "{\n\t\"noOfTickets\":2\n}",
			"headers": "Content-Type: application/json\n",
			"pathVariables": {}
		},
		{
			"id": "a9870823-82b8-45b8-af33-3e66799f66e8",
			"name": "getTrips",
			"url": " http://localhost:8081/api/acme/trips?depDate=2019-01-01",
			"description": "",
			"data": null,
			"dataMode": "params",
			"headerData": [],
			"method": "GET",
			"pathVariableData": [],
			"queryParams": [
				{
					"key": "depDate",
					"value": "2019-01-01",
					"equals": true,
					"description": "",
					"enabled": true
				}
			],
			"auth": {
				"basic": [
					{
						"key": "username",
						"value": "acmetravelUser"
					},
					{
						"key": "password",
						"value": "acmetravelPassword"
					}
				],
				"type": "basic"
			},
			"events": [],
			"folder": null,
			"headers": "",
			"pathVariables": {}
		},
		{
			"id": "cb15a2df-7457-4e31-97bd-0d783dd79350",
			"name": "getRoutes",
			"url": " http://localhost:8081/api/acme/route?airlineName=British Airways",
			"description": "",
			"data": null,
			"dataMode": "params",
			"headerData": [],
			"method": "GET",
			"pathVariableData": [],
			"queryParams": [
				{
					"key": "airlineName",
					"value": "British Airways",
					"equals": true,
					"description": "",
					"enabled": true
				}
			],
			"auth": {
				"basic": [
					{
						"key": "password",
						"value": "acmetravelPassword"
					},
					{
						"key": "username",
						"value": "acmetravelUser"
					}
				],
				"type": "basic"
			},
			"events": [],
			"folder": null,
			"headers": "",
			"pathVariables": {}
		},
		{
			"id": "f00a906b-c5c3-4173-8d88-6153ec457eac",
			"name": "destinations:get",
			"url": " http://localhost:8081/api/acme/airport?airlineName=American Airlines&offset=10",
			"description": "",
			"data": null,
			"dataMode": "params",
			"headerData": [],
			"method": "GET",
			"pathVariableData": [],
			"queryParams": [
				{
					"key": "airlineName",
					"value": "American Airlines",
					"equals": true,
					"description": "",
					"enabled": true
				},
				{
					"key": "offset",
					"value": "10",
					"equals": true,
					"description": "",
					"enabled": true
				}
			],
			"auth": {
				"basic": [
					{
						"key": "password",
						"value": "acmetravelPassword"
					},
					{
						"key": "username",
						"value": "acmetravelUser"
					}
				],
				"type": "basic"
			},
			"events": [],
			"folder": null,
			"headers": "",
			"pathVariables": {}
		}
	]
}